id,sys_user_id,unit_id,id_copy_front,id_copy_back
6,2a132b9e53ca11e99c2554ab3a1e6574,3,7aa15990-2bf6-4808-a367-365af7aedcd3.jpg,49a01881-0f6d-4769-a08e-92430d450b73.jpg
7,2a132f3c53ca11e99c2554ab3a1e6574,3,c76b8ce9-f609-4f46-856a-34c1e589610a.jpg,524ab23a-e702-4d8b-95da-44308773b3b1.jpg
8,2a13322b53ca11e99c2554ab3a1e6574,3,44b5036d-5cf7-431b-86ee-3f6fa1196d94.jpg,7ab2782b-e3f6-4206-9042-9857e59f6554.jpg
9,2a13356753ca11e99c2554ab3a1e6574,3,d6a45150-ca88-41af-a160-f708da94a5d7.jpg,78e22fcd-c6c8-4e6b-916b-96190dec79be.jpg
15,2a134e3c53ca11e99c2554ab3a1e6574,3,65cc964c-f565-475f-8559-553bbae1c44b.jpg,da10768a-79e9-4568-b748-e3e900be46de.jpg
16,2a13539653ca11e99c2554ab3a1e6574,3,7137ce92-3010-4c7c-9f05-e903b278b1fb.jpg,18a738df-31fc-4f4e-93c8-865a3355d42f.jpg
17,2a13584053ca11e99c2554ab3a1e6574,3,248c654e-5d3f-4c35-8f53-da90ce42017a.jpg,3bfd15d2-ea4a-4da8-b271-d471356c319b.jpg
18,2a135ae253ca11e99c2554ab3a1e6574,5,32d3007e-7613-48b4-a0a4-58917cabddef.png,6fc4f6a7-6d68-4fb2-962d-1ff2b186d788.png
19,2a135f8053ca11e99c2554ab3a1e6574,5,92e45eb8-20d5-4afa-be4a-53e59b14fd08.png,ded383dd-6b61-4df5-abf8-e08b0b2a8265.png
20,2a1364de53ca11e99c2554ab3a1e6574,5,719ce1bb-8d36-418e-9e2c-5d882929d6f0.png,f25701e0-eea2-4329-a3af-e2d7c26a5ab7.png
21,2a1368e753ca11e99c2554ab3a1e6574,5,a5f5b0d0-7314-427c-961d-9ba0aab91bc8.png,9e882395-66d5-4f32-bdbe-5aef33f3cad2.png
22,2a136ca253ca11e99c2554ab3a1e6574,5,0e35e203-7529-4c05-8a1f-f410b2275257.jpg,ccd5333f-4863-4e72-8a53-ade0024c1fb9.jpg
23,2a136fef53ca11e99c2554ab3a1e6574,5,51e1e109-3854-4787-86be-ae10c91c81b8.jpg,3404c133-db34-42dd-8dbe-a7137e62d17f.jpg
24,2a13724053ca11e99c2554ab3a1e6574,5,91bc36bf-dcdf-42c5-b767-d6088a95119f.jpg,b4114cc5-1a80-4e4d-a029-521c3655b951.jpg
25,2a1374af53ca11e99c2554ab3a1e6574,5,7008d61e-f698-450e-8018-86666110fe08.jpg,ff2e8b4d-18b0-4dac-8073-082275b2661b.jpg
26,2a13769153ca11e99c2554ab3a1e6574,5,d0a89e48-3a3a-4678-bb67-1b7fc9853725.jpg,8b9ed4d5-3ec9-49ba-8b88-581837e223f4.jpg
27,2a13788d53ca11e99c2554ab3a1e6574,5,0a40d286-8f0a-409d-8102-b0ec4e704310.jpg,a1062622-45f5-4e10-85d5-8639bef09bfa.jpg
28,2a137a7853ca11e99c2554ab3a1e6574,5,8e0d6b86-21f3-4d2b-9a91-dfde1781d082.jpg,3604d93b-6e55-4997-9139-3d8a7b95afde.jpg
29,2a137c5153ca11e99c2554ab3a1e6574,5,6573496b-7391-4f8b-b81f-c23845ea0c19.png,c57a0abb-d0ad-406b-b978-ac60d5dd234b.png
30,2a137e1e53ca11e99c2554ab3a1e6574,5,5137f0d7-13fa-4762-be9b-8f0aa2fc722c.jpg,0316ce0c-b74f-4cd5-b27f-44e0d3b837f7.jpg
31,2a13803453ca11e99c2554ab3a1e6574,5,8fd9dd79-de70-4ce9-8e7a-85f5296b7d4b.png,415b3f35-8f45-4b27-9dbf-192a1073ccc3.png
32,2a13818d53ca11e99c2554ab3a1e6574,5,fca8cdc8-a0d3-438c-9438-aa86b0ede4b4.jpg,7649f42b-6bb5-44c5-8372-cb705c437a7c.jpg
33,2a1383d653ca11e99c2554ab3a1e6574,5,d2a1c03c-962a-480c-8fda-64369d41aa21.jpg,70729a0a-fc1c-43de-bfe5-bb142cdc8442.jpg
34,2a13857853ca11e99c2554ab3a1e6574,5,05ce4739-fd4b-4213-ad0d-219ebbd911b6.jpg,c137a4de-31c3-431a-b705-375ffb37ea24.jpg
35,2a13889153ca11e99c2554ab3a1e6574,5,da52698e-2ccb-4c24-bc01-fa18e6c6c1ad.jpg,dad9b09c-2f17-4731-a972-34b6fae936bc.jpg
36,2a138a9153ca11e99c2554ab3a1e6574,5,55163ce6-cfa3-43bb-8e18-0b471e0c01c1.jpg,61db87ac-407e-4685-8545-ef080b0ce6e8.jpg
37,2a138cc053ca11e99c2554ab3a1e6574,5,917cccca-1747-4fd7-8fe1-d10c388ba8fe.jpg,92eb192e-0d09-499e-b0ad-bc1e36c9b582.jpg
38,2a13905653ca11e99c2554ab3a1e6574,5,5cd87c44-945b-4ea9-ba19-5ffecdc79e4b.jpg,18562bb8-428b-41a9-9b9b-159d12a4f81c.jpg
39,2a13943453ca11e99c2554ab3a1e6574,5,60a6e6a9-19de-4868-8bcc-76532923a568.jpg,9550e5b4-cacb-429f-9900-e3e86e74958a.jpg
40,2a13987453ca11e99c2554ab3a1e6574,5,5258320b-ca27-4d29-9949-c579c8b17760.jpg,9f6f6d6f-5452-4384-a231-606934872c4b.jpg
41,2a139c6753ca11e99c2554ab3a1e6574,5,cd25eb26-994c-4701-a0d8-e0b275dcc7a9.jpg,8ff9de21-3da3-4475-819a-f90a73fbea31.jpg
42,2a13a0bc53ca11e99c2554ab3a1e6574,5,c3a58e22-d5d1-4515-9ed0-f0e397ce2ffd.jpg,6cd88f83-d9c3-4654-967c-c0938e1efb59.jpg
43,2a13a43853ca11e99c2554ab3a1e6574,5,9e204048-83a5-4f85-b1da-fa559f02605c.jpg,355a54a5-fd26-48b4-915b-a57a8bffddd3.jpg
44,2a13a79653ca11e99c2554ab3a1e6574,5,e309d773-f67e-4bc5-9a58-f8a32e899a43.png,dbd3c14d-258d-4f2f-b582-c24f3d177384.png
45,2a13ab3853ca11e99c2554ab3a1e6574,5,553dc227-56f5-40b7-9108-c08e94f5538e.jpg,897d7a8f-6267-4477-bcc9-31e44f13f12e.jpg
46,2a13b1a253ca11e99c2554ab3a1e6574,5,c067f7b8-1f85-4ba6-b009-09da670d66bd.jpg,951508db-2adf-48e5-bf78-176926c67fd7.jpg
47,2a13b58553ca11e99c2554ab3a1e6574,5,4b6ad0e9-cc67-4c46-be03-00729957cdd7.jpg,9811306f-a5b8-45f8-b19d-51131348ffe6.jpg
51,2a13bceb53ca11e99c2554ab3a1e6574,7,NULL,NULL
52,NULL,7,NULL,NULL
53,NULL,7,NULL,NULL
54,NULL,7,NULL,NULL
59,2a13c78553ca11e99c2554ab3a1e6574,9,e60df62e-0789-4741-9135-2221613b0188.jpg,f31a7bf1-a809-4e0b-8962-76991289d819.jpg
60,2a13c85653ca11e99c2554ab3a1e6574,9,dadf2f48-df53-4029-bbea-02cfc72cbf17.jpg,f4a29355-d971-442a-a472-3b1cbaa8399e.jpg
61,2a13c95153ca11e99c2554ab3a1e6574,9,2f3cac37-c66e-4966-8b86-4dbb6b7590be.jpg,b41662dd-a86b-46ba-b12d-6429955b0cbb.jpg
62,2a13ca4553ca11e99c2554ab3a1e6574,9,74090b33-67af-4723-be41-acbd52bebf36.jpg,80aeceb6-9e44-4b11-bf6a-90301b44e409.jpg
105,2a13fe5e53ca11e99c2554ab3a1e6574,9,b88c98bb-7d84-4c9f-b07a-a1f17110f7fe.jpg,53731961-50db-4ad4-af9f-6f3152d47ce9.jpg
106,2a13ff5a53ca11e99c2554ab3a1e6574,9,ac6bfb3d-324f-4f86-a042-9b76643dfea0.jpg,9b5b5862-e8ac-4c4e-874b-03a4da0c7f47.jpg
107,2a14005a53ca11e99c2554ab3a1e6574,9,20f16ab4-4d37-401c-8357-4d67891222d9.jpg,ceacc449-0b1b-4cdd-900a-c1d6e60c7e11.jpg
108,2a1401c053ca11e99c2554ab3a1e6574,9,22f41889-9035-4410-bc06-5c6577bc4e73.jpg,02e39e74-0396-48cc-ae0e-548ec306460e.jpg
110,2a14036b53ca11e99c2554ab3a1e6574,5,24c5099a-7265-495b-8b10-d5d45fc464ef.jpg,ad4b4ff7-7959-44ea-9019-8dbce9289f33.jpg
112,2a14049e53ca11e99c2554ab3a1e6574,9,d8ec57c6-eeab-45e8-8523-7081f0f6643d.jpg,2d5a09b7-f241-4d37-a1e1-690757fd8afd.jpg
113,2a14061153ca11e99c2554ab3a1e6574,5,483fca3e-5a02-42b2-97b0-70092b15df77.jpg,7a338251-8723-41a4-947a-af65d98b5ea6.jpg
114,2a14073c53ca11e99c2554ab3a1e6574,9,02187d67-bdb9-4d8c-b786-7f27cc4f563d.jpg,ce1c61c4-e508-4b4a-984a-099a45da10d2.jpg
115,2a14089a53ca11e99c2554ab3a1e6574,9,3a201b24-cb3e-4fec-ba3c-7561cfcf9974.jpg,287b5fbe-3f6e-4c3c-a8cc-a2494c04e593.jpg
116,2a1409bc53ca11e99c2554ab3a1e6574,9,0d04935b-bf8f-4750-8c4a-9d7c3a573936.jpg,18714669-bd28-45ea-bca2-5f6287590d97.jpg
117,2a140d5a53ca11e99c2554ab3a1e6574,9,eab0446c-9651-4ed5-960b-7fef107a4017.jpg,03d6f01c-450e-4c78-897e-490a16efaf50.jpg
118,2a140ede53ca11e99c2554ab3a1e6574,9,fa4d4926-6897-4957-b64b-7dd06f0626a4.jpg,eb2708cc-fcbb-4df5-bbc9-4aca81a92a21.jpg
119,2a14100d53ca11e99c2554ab3a1e6574,9,ef1ac7d4-b639-4989-8068-49be657f81a5.jpg,3030930f-88d0-4f63-8b2a-01bcae3a5c9e.jpg
120,2a14112253ca11e99c2554ab3a1e6574,9,ddf97a26-ffe9-4cee-a82f-de07fe6961b0.jpg,9dcb0f30-18fb-4670-9aa4-094097706127.jpg
121,2a14126f53ca11e99c2554ab3a1e6574,9,b3872c00-50d3-41e5-8e17-389f29870608.jpg,1c10b46d-fba8-4f58-9154-c54a3110bc2b.jpg
130,2a1419bc53ca11e99c2554ab3a1e6574,9,16a95038-6707-4b2a-a66d-0cd49c6f6dbb.jpg,333d6ddd-f8f1-4e19-b64d-4ba769f505bb.jpg
131,2a141aeb53ca11e99c2554ab3a1e6574,5,5ed1fae8-e284-480b-b5cf-76c1d161b27e.jpg,9ad03b40-676f-4e40-b969-f10962b32be1.jpg
145,2a142cf453ca11e99c2554ab3a1e6574,17,NULL,NULL
148,2a142f4d53ca11e99c2554ab3a1e6574,9,NULL,NULL
150,2a1431c053ca11e99c2554ab3a1e6574,18,NULL,NULL
153,NULL,18,NULL,NULL
155,13c4188a489143abbf6402289f302550,3,NULL,NULL
157,b45df85eb78d489e86600f29b44169bb,5,NULL,NULL
