id,sys_user_id,unit_id,id_copy_front,id_copy_back,social_security,achievement,contract_copy,corporate_sign_copy,gradu_cert_copy,pro_qualify_copy,procate_copy,reg_seal_copy,signature_copy,warrant_copy,retirement_certificate
1,1190d12c5c3c11e99f0554ab3a1e6574,NULL,NULL,NULL,NULL,NULL,NULL,NULL,NULL,NULL,NULL,NULL,NULL,NULL,NULL
2,1190d77d5c3c11e99f0554ab3a1e6574,1,3e0e6187-8c6f-4b8f-aebc-834cc782c034.jpg,c4e71908-d840-4f30-af8a-c210e16544e5.jpg,NULL,NULL,NULL,NULL,NULL,NULL,NULL,NULL,NULL,04f24cdb-2bf3-43c0-94fc-4dcbb19a430b.jpg,NULL
3,1190dace5c3c11e99f0554ab3a1e6574,2,9a5387d4-3029-4d14-9a45-06a1ee1aa818.jpg,c85b4889-f526-44b2-bdc0-736198f44c40.jpg,NULL,NULL,NULL,NULL,NULL,NULL,NULL,NULL,NULL,bf8c8e1f-ef74-4b32-a4bb-2b9c3cbfa023.jpg,NULL
4,1190dd015c3c11e99f0554ab3a1e6574,2,6fdbcff0-2c63-45bd-a8c5-bb3a084c2d3b.jpg,0fb41f13-0fe1-4b4f-a0f4-88f37ddec698.jpg,NULL,NULL,NULL,d0bb85b8-ca61-4337-be26-0b21aa14d2b8.jpg,NULL,NULL,NULL,NULL,07420eed-9487-4c40-8da1-59cd4dfb6e3f.jpg,NULL,NULL
5,1190df395c3c11e99f0554ab3a1e6574,2,7b4dc7aa-746c-4915-ab25-b846509b89a5.jpg,c9e4105d-1479-47bf-a5b1-c8c4e5f69c2e.jpg,4c01a21f-d21e-464f-b9c1-9c9036c6f0f7.jpg,a8559552-0160-46b8-b8f0-8a6565320e44.jpg,8d0487e4-c8a7-45fe-8fb0-2d9ad0e2050b.jpg,NULL,c88f24be-3327-492a-98dc-7ffe775f018f.jpg,66c93cd9-21ae-4985-89b9-b2f49b583644.jpg,78846f3e-e2fa-4dfe-8940-3b056f765ea2.jpg,141491a3-a53e-4569-b1aa-ad5e67074de9.jpg,NULL,NULL,NULL
6,1190e0f45c3c11e99f0554ab3a1e6574,3,7aa15990-2bf6-4808-a367-365af7aedcd3.jpg,49a01881-0f6d-4769-a08e-92430d450b73.jpg,NULL,NULL,NULL,NULL,NULL,NULL,NULL,NULL,NULL,91db53a9-f29a-473e-b300-98292a226bd9.jpg,NULL
7,1190e2df5c3c11e99f0554ab3a1e6574,3,c76b8ce9-f609-4f46-856a-34c1e589610a.jpg,524ab23a-e702-4d8b-95da-44308773b3b1.jpg,NULL,NULL,NULL,04eb7b47-da09-45d9-99df-fdcefaf884fd.jpg,NULL,NULL,NULL,NULL,8b211651-01b2-4480-9428-d26a39e0dbbe.jpg,NULL,NULL
8,1190e5e35c3c11e99f0554ab3a1e6574,3,44b5036d-5cf7-431b-86ee-3f6fa1196d94.jpg,7ab2782b-e3f6-4206-9042-9857e59f6554.jpg,e6fdd61d-fcd0-4a5a-9968-3c40ccb9b1da.jpg,95224d12-a26d-4549-8208-5ee3b85f8314.jpg,a9bd2cc7-9c80-43b4-824d-6cb6001edc0b.jpg,NULL,fdebe7c3-a221-4163-bc31-356d3c084146.jpg,d48d841b-a985-4659-b2ea-c3397d8b03c6.jpg,8c76967e-225c-4963-bb81-a16869aaed76.jpg,bd32feaf-9963-4c73-a25e-8ce8ffd95690.jpg,NULL,NULL,NULL
9,1190e82c5c3c11e99f0554ab3a1e6574,3,d6a45150-ca88-41af-a160-f708da94a5d7.jpg,78e22fcd-c6c8-4e6b-916b-96190dec79be.jpg,735df62f-73e2-4cb3-ae1b-5a8b8a6cbf2d.jpg,NULL,NULL,NULL,NULL,NULL,NULL,NULL,NULL,NULL,NULL
10,1190ea015c3c11e99f0554ab3a1e6574,4,5b1f04e2-82e5-47f2-a951-7b88bf4c8b7a.jpg,644caf19-d457-4a4c-9b8f-1c05b218dada.jpg,NULL,NULL,NULL,NULL,NULL,NULL,NULL,NULL,NULL,f9d5551f-bb93-4629-b0b9-5cc74e4bb68c.jpg,NULL
11,1190eb9f5c3c11e99f0554ab3a1e6574,4,59b9c1f1-1bb9-4f55-9bb1-5f0dd4c368d5.jpg,6871d307-4cfd-4669-9b4d-58134d198744.jpg,NULL,NULL,NULL,c77ef14d-5bb5-4a05-a717-b09d4b881c85.jpg,NULL,NULL,NULL,NULL,433d5276-d46c-46bc-936b-16c7d0739dfd.jpg,NULL,NULL
12,1190ed455c3c11e99f0554ab3a1e6574,2,94679ca0-f8b5-465b-aa02-40398bc19967.jpg,f1cd198b-ee18-4a75-bb68-07aea456b832.jpg,e514b4a9-345a-484f-9beb-4d29ced7e7fa.jpg,NULL,NULL,NULL,c774ee7a-2e66-4c10-9504-a77c3098e1bd.jpg,08e79805-5ffc-4798-9027-53aa81e87b37.jpg,51c5c4b2-1a1e-4c4f-8c7d-965f13a4d32a.jpg,c348165a-f570-4478-8c5a-abd090ab8e12.jpg,7d3d7bf7-6afd-40a9-859f-100b52db215f.jpeg,NULL,NULL
13,1190f0125c3c11e99f0554ab3a1e6574,2,8b36c4a3-1081-4690-b264-2bd53c80af5d.jpg,6d534880-3ea3-464f-a86c-3908ca56c711.jpg,NULL,NULL,NULL,NULL,NULL,NULL,NULL,NULL,1165a9d5-2f9f-41eb-81d4-89ab3ac6c52c.jpg,NULL,NULL
14,1190f2635c3c11e99f0554ab3a1e6574,4,fde10049-8d46-4127-a799-0abb8640351b.jpg,0be6f796-c5f2-408f-a89b-62936c5d9095.jpg,NULL,NULL,NULL,NULL,NULL,NULL,NULL,NULL,301cd688-3094-4f19-9cb9-feb12b0b3593.jpg,649799c7-de10-42bb-a534-88da7d057382.jpg,NULL
15,1190f47d5c3c11e99f0554ab3a1e6574,3,65cc964c-f565-475f-8559-553bbae1c44b.jpg,da10768a-79e9-4568-b748-e3e900be46de.jpg,833543ec-3b32-40f4-9c65-e2d24f1a4f2e.jpg,NULL,NULL,NULL,147b1489-8ddb-4531-aeb6-5eba6c53e448.jpg,0adcdd09-e1c8-4428-8fae-84fa616e37d0.jpg,d3443ac8-581c-40d0-bb3d-5fdb0e131d8b.jpg,0a86d54c-25a0-48bc-bc15-ed8f695b1df0.jpg,c00f94d5-6bca-4063-a8b4-8ddf363e9f1a.jpeg,NULL,c01bef75-a442-4849-9936-abb3ca871f61.jpg
16,1190f6525c3c11e99f0554ab3a1e6574,3,7137ce92-3010-4c7c-9f05-e903b278b1fb.jpg,18a738df-31fc-4f4e-93c8-865a3355d42f.jpg,1018baa0-e57d-47db-8e20-d0f47bd224f6.jpg,NULL,NULL,NULL,ea23c122-08d2-436b-ad84-a8437ec5add8.jpg,936cf864-648d-4486-90f6-3fc56c0258dd.jpg,4129519e-3a25-45f4-90eb-6ed6d1946000.jpg,b58fece1-2489-427f-889a-295323e2f004.jpg,5083d9cf-63bd-4692-9055-c30c4680cc60.jpeg,NULL,2397e271-a5af-47d2-a33a-d78b416084eb.jpg
17,1190f81b5c3c11e99f0554ab3a1e6574,3,248c654e-5d3f-4c35-8f53-da90ce42017a.jpg,3bfd15d2-ea4a-4da8-b271-d471356c319b.jpg,9356f67d-db4b-45b1-a688-d31a0e762571.jpg,NULL,NULL,NULL,963da209-8a4f-4308-95b1-d9d38911b730.jpg,b79138f0-c064-4c84-9b97-68b268f93c3d.jpg,e9ce2189-d092-49c7-97fe-4d9147a3db74.jpg,NULL,959d22bb-867e-4037-8fd5-37b36b1fb48c.jpeg,NULL,309f150d-e128-4550-8341-759aa4a4d599.jpg
18,1190f9c15c3c11e99f0554ab3a1e6574,5,32d3007e-7613-48b4-a0a4-58917cabddef.png,6fc4f6a7-6d68-4fb2-962d-1ff2b186d788.png,NULL,NULL,NULL,NULL,NULL,NULL,NULL,NULL,NULL,50d177dd-e7cc-4565-9464-b8287a083783.jpg,NULL
22,119102c15c3c11e99f0554ab3a1e6574,5,0e35e203-7529-4c05-8a1f-f410b2275257.jpg,ccd5333f-4863-4e72-8a53-ade0024c1fb9.jpg,cfc5a26c-e0b9-4054-ba84-999360ed1f77.jpg,NULL,NULL,NULL,62154110-e065-456e-86ea-d43f47267e28.jpg,0070ee2a-d840-4015-9310-4ca57cd04d02.jpg,a8669992-8b7d-41dc-9933-da9bc0e199c9.jpg,NULL,cffd048a-0f5f-4782-a6f3-7b7d95c1efba.jpeg,NULL,NULL
23,119104305c3c11e99f0554ab3a1e6574,5,51e1e109-3854-4787-86be-ae10c91c81b8.jpg,3404c133-db34-42dd-8dbe-a7137e62d17f.jpg,2e7a1aac-d07e-4a91-bf79-fce81cf5e2df.jpg,NULL,NULL,NULL,fe72ec96-40b0-445b-a51d-7ec94a0ac6a4.jpg,9e427995-9a15-47b6-8687-26f60d3f0eaa.jpg,26881c5b-dbd3-49fa-879b-7bb8b456c6ac.jpg,edd72195-43d4-43bc-b54c-b9fd7358e0ea.png,103b219e-509b-4170-844c-e7b72776d42b.jpeg,NULL,NULL
24,119106b45c3c11e99f0554ab3a1e6574,5,91bc36bf-dcdf-42c5-b767-d6088a95119f.jpg,b4114cc5-1a80-4e4d-a029-521c3655b951.jpg,e5ca3553-6100-474c-86d4-4a5cc7c7d771.png,NULL,NULL,NULL,1592d3ea-53d3-445a-a158-9d62aeca7763.jpg,82ca9504-ebe2-485f-aed4-e77d2a009807.jpg,ec048a85-6319-4ea6-8def-a8e7a8381eeb.jpg,eb288d10-353d-47b5-9885-feae38a9bb1c.png,cf4457fe-9eff-45fd-bb27-986afa4b7d5b.jpeg,NULL,NULL
25,119108675c3c11e99f0554ab3a1e6574,5,7008d61e-f698-450e-8018-86666110fe08.jpg,ff2e8b4d-18b0-4dac-8073-082275b2661b.jpg,2a95c27a-4ce2-4884-8aa9-e87a46dd0e44.jpg,NULL,NULL,NULL,a3658d1b-23ea-4957-82ee-e2fe11af4d2e.jpg,586de326-8555-412f-90e7-0d321c2cc52b.jpg,83c82e38-628f-44cc-a3f6-1c97a01dec5b.jpg,5da3b6cd-b548-4f64-88df-c905ad3d87d4.png,83f2c429-a259-4f9e-9dca-ddd6345d580f.jpeg,NULL,NULL
26,119109ce5c3c11e99f0554ab3a1e6574,5,d0a89e48-3a3a-4678-bb67-1b7fc9853725.jpg,8b9ed4d5-3ec9-49ba-8b88-581837e223f4.jpg,fd03962e-7944-4986-af7a-58d1ddc758d7.png,NULL,NULL,NULL,979d0b9f-7628-4ba3-be50-8e0411b500e5.jpg,fcc406cf-9982-4c2f-8d77-e69941140b51.jpg,beda72e6-ae9c-4c91-b44e-b9519b01f900.jpg,71dc69f8-8a28-44bf-bec4-12f4c9e078dc.png,cf9a176f-f701-4b92-a32a-e8c27123c160.jpeg,NULL,5fa68669-d4ef-448f-8b79-26e540db0b2e.jpg
27,11910b7d5c3c11e99f0554ab3a1e6574,5,0a40d286-8f0a-409d-8102-b0ec4e704310.jpg,a1062622-45f5-4e10-85d5-8639bef09bfa.jpg,0583682e-0a6f-4914-bbe6-b203575cd72c.jpg,NULL,NULL,NULL,00657c2b-d54c-4020-8883-7ccce3a99bfc.jpg,500da79d-f8ca-43f5-85de-11b44cb21e8e.jpg,bb14fd99-0202-4117-a73b-c1bfc6c77221.jpg,2a9a9282-8f51-4ae1-8adf-e5377081627d.png,b71307ac-9951-4cb4-b078-fbf24fd2e173.jpeg,NULL,NULL
28,11910d2c5c3c11e99f0554ab3a1e6574,5,8e0d6b86-21f3-4d2b-9a91-dfde1781d082.jpg,3604d93b-6e55-4997-9139-3d8a7b95afde.jpg,b1b14838-d493-4e80-be41-19e523625528.jpg,NULL,NULL,NULL,3cbb0899-7c60-4a00-a2b1-06c721a074ea.jpg,79c911cb-7f25-4ac2-bcfa-412cec573483.jpg,f5c4dbbf-0416-4312-a8a0-56f71da4068b.jpg,3261b147-eaca-4bbc-ae91-68a1e6e5a68d.png,abbc286e-af3c-4eb6-927b-0f1e9b7aef4a.jpeg,NULL,NULL
29,11910ebd5c3c11e99f0554ab3a1e6574,5,6573496b-7391-4f8b-b81f-c23845ea0c19.png,c57a0abb-d0ad-406b-b978-ac60d5dd234b.png,dff1fe43-11d7-48d7-a1bb-92a1afff0813.jpg,NULL,NULL,NULL,56bde7b8-4d76-461e-8e2c-849c8d80932b.jpg,b552f993-4c76-4d19-a319-ab487324b933.jpg,6d4671d5-b461-491a-b9e9-728edb756e67.jpg,97166720-b069-4ed9-b1d7-6f688ce1c204.png,b272b020-4b8f-41f3-a3e2-1606c3f8b64f.jpeg,NULL,NULL
30,119110565c3c11e99f0554ab3a1e6574,5,5137f0d7-13fa-4762-be9b-8f0aa2fc722c.jpg,0316ce0c-b74f-4cd5-b27f-44e0d3b837f7.jpg,951c8221-d20c-49f8-beb1-b49624d66459.jpg,NULL,NULL,NULL,99ce8e24-feb1-41a9-8b9a-e1474f780629.jpg,4c3413ba-9a6c-442d-8cdc-32dba3e6b8b0.jpg,400daae4-66b9-47ce-8051-079bfe22412a.jpg,43588985-e5df-4996-9ef8-be55fb4ba9e5.png,2a1acf61-9525-4e73-ae5d-7f4dbed73d71.jpeg,NULL,NULL
31,119112165c3c11e99f0554ab3a1e6574,5,8fd9dd79-de70-4ce9-8e7a-85f5296b7d4b.png,415b3f35-8f45-4b27-9dbf-192a1073ccc3.png,54ea023c-c88e-4449-bc63-9a018ee2e8d5.jpg,NULL,NULL,NULL,807ace87-98ac-4909-b7ba-9aeb7b15f767.jpg,b41745fa-0a20-461b-b9ab-34692455362a.jpg,66bfe650-7920-4817-bf39-4be4193b9c90.jpg,d3127413-fa69-4518-898d-5631084f7d1c.png,8720825a-c14b-48d8-a22c-d01b76f9c9bd.jpeg,NULL,NULL
32,119113c55c3c11e99f0554ab3a1e6574,5,fca8cdc8-a0d3-438c-9438-aa86b0ede4b4.jpg,7649f42b-6bb5-44c5-8372-cb705c437a7c.jpg,53591129-da91-4f4c-a4c8-67a137f6049f.jpg,NULL,NULL,NULL,8e97f7ac-d6dd-4340-84e9-3618118067e4.jpg,4d7883a9-1d46-4005-a1a5-202eb0e061d1.jpg,b22b8b83-6fb7-459b-8847-f50be1a2932a.jpg,685e048b-29e9-446f-a4f2-3350ee4e335b.png,228acfd0-895a-43d6-8f73-df1a68f60085.jpeg,NULL,NULL
33,119115635c3c11e99f0554ab3a1e6574,5,d2a1c03c-962a-480c-8fda-64369d41aa21.jpg,70729a0a-fc1c-43de-bfe5-bb142cdc8442.jpg,9e7286a8-4cac-4529-82f0-2bad54ae9d7e.jpg,NULL,NULL,NULL,3b51f7b7-b435-4fb2-91f5-37eb550aa43a.jpg,89e74142-a7db-4c6b-932e-592c34350f44.jpg,2804c712-5b70-4b60-a14d-87b4f4b9b525.jpg,5b68648c-2535-4c0f-a981-806e5c8e5161.png,6a6cee62-020a-4d79-8d25-4e74ae8eda20.jpeg,NULL,NULL
34,119116a35c3c11e99f0554ab3a1e6574,5,05ce4739-fd4b-4213-ad0d-219ebbd911b6.jpg,c137a4de-31c3-431a-b705-375ffb37ea24.jpg,7a56e8fb-5f22-4d72-b99a-19b1cfb41f07.jpg,NULL,NULL,NULL,5f6de6dc-2178-47c7-afeb-ad842471bb56.jpg,40af85b9-6777-4fd4-9457-8f2bbab78f74.jpg,927554e0-7603-4fac-939d-09e741b0ae6a.jpg,3727d947-3df7-4fc3-abc2-b936f02ce9f0.png,5ff77db2-cfc6-4e67-8db2-99bcb51bd9f0.jpeg,NULL,NULL
35,119118c15c3c11e99f0554ab3a1e6574,5,da52698e-2ccb-4c24-bc01-fa18e6c6c1ad.jpg,dad9b09c-2f17-4731-a972-34b6fae936bc.jpg,ad62460a-67c2-45c8-88b1-e5e5a2ab2714.jpg,NULL,NULL,NULL,ef811e6c-8edd-4213-b889-145c6f4be8a1.jpg,9109af44-43f5-4fd9-8ec9-f3403587ebc8.jpg,8be2f434-294b-43d2-83cb-4d1b6bc8554b.jpg,cbef4f16-b1e7-4168-9531-9a2fc2d61daf.png,294e4d1a-cfa5-4d99-85d9-d7edf46a2cc2.jpeg,NULL,NULL
36,11911a055c3c11e99f0554ab3a1e6574,5,55163ce6-cfa3-43bb-8e18-0b471e0c01c1.jpg,61db87ac-407e-4685-8545-ef080b0ce6e8.jpg,2cc90ce0-b5ff-4d27-b6f1-fdfa456ff59a.jpg,NULL,NULL,NULL,86497bbb-513f-4c34-a57e-06fec019e675.jpg,1f6f9e8b-a2e9-43fa-adbe-3dc26deb9f43.jpg,12103bc7-8c93-4949-8369-ee6e08d8ef5b.jpg,22318a70-4de4-4f80-b81b-9ac3850a8e36.png,05ea2d46-1a28-4ac0-995e-7f52193c11e0.jpeg,NULL,NULL
37,11911b635c3c11e99f0554ab3a1e6574,5,917cccca-1747-4fd7-8fe1-d10c388ba8fe.jpg,92eb192e-0d09-499e-b0ad-bc1e36c9b582.jpg,a9ac7c52-9eaf-4e22-93ba-3f2194c8d9c9.jpg,NULL,NULL,NULL,17194034-8382-4ec0-8bce-a0e390cac076.jpg,25d5b251-8039-4294-bc71-f2ead6fccbd0.jpg,c36c89ac-532c-4de3-b673-f421e624473d.jpg,ab693ad4-4901-4c8f-b967-3456f8f39e64.png,9c5f6dbf-b051-4b1a-8838-3529dbe33b69.jpeg,NULL,NULL
38,11911c9b5c3c11e99f0554ab3a1e6574,5,5cd87c44-945b-4ea9-ba19-5ffecdc79e4b.jpg,18562bb8-428b-41a9-9b9b-159d12a4f81c.jpg,dd76cc9c-e712-4696-a818-3585eff65299.jpg,NULL,NULL,NULL,78c6aa66-3c35-44a1-b39f-f5a0ff9b189a.jpg,63a52908-50f8-4622-818d-48a57ac39f7c.jpg,f0f3c6ee-5f46-4658-9878-5ce71e51aec1.jpg,44d73947-0e82-4f72-a86d-012e07c44b9f.png,1590cd00-2a0a-4cb9-9d53-320081d24fa2.jpeg,NULL,NULL
39,11911dca5c3c11e99f0554ab3a1e6574,5,60a6e6a9-19de-4868-8bcc-76532923a568.jpg,9550e5b4-cacb-429f-9900-e3e86e74958a.jpg,d9cf3422-6532-460b-be62-356bec6cd961.jpg,NULL,NULL,NULL,0dc5cea9-814d-4687-a63a-10b0381d8f3a.jpg,b927059c-73df-401f-b2d0-86c41c2dd062.jpg,95bf88c5-7ecc-4a2b-b12b-4f0c82803840.jpg,5ba6d8be-c14e-4b92-993e-c9b91a0efe7e.png,b5134676-8666-4750-857b-1602d565f0ff.jpeg,NULL,NULL
40,11911efd5c3c11e99f0554ab3a1e6574,5,5258320b-ca27-4d29-9949-c579c8b17760.jpg,9f6f6d6f-5452-4384-a231-606934872c4b.jpg,f25c806c-552c-42cd-9232-e962d6f041d9.jpg,NULL,NULL,NULL,626b5266-18c0-42e0-a6e3-4c700aa1ee74.jpg,5c5080a8-6bfa-4782-9e12-2c569e155e14.jpg,b53ab8df-198c-45ef-8652-adc14071aa77.jpg,5bba86fe-8ce9-4284-ba64-abd7e8b258c4.png,7234f9c2-c428-433c-a5ff-468a78dcdd7a.jpeg,NULL,NULL
41,119120565c3c11e99f0554ab3a1e6574,5,cd25eb26-994c-4701-a0d8-e0b275dcc7a9.jpg,8ff9de21-3da3-4475-819a-f90a73fbea31.jpg,ce988412-3a64-4de7-9c72-3944d29b08b6.jpg,NULL,NULL,NULL,54ad412e-a751-4d43-a64d-007fe84d8b9f.jpg,70ddd536-9b22-43a3-8385-96e70b915dfa.jpg,902891f1-2b90-4d60-86f3-415f6ea4bb8b.jpg,81816bb9-2832-4893-a721-bc2878190fa4.png,899b4aa9-32a0-4c6a-a5ba-a31c7ef18790.jpeg,NULL,NULL
42,1191218e5c3c11e99f0554ab3a1e6574,5,c3a58e22-d5d1-4515-9ed0-f0e397ce2ffd.jpg,6cd88f83-d9c3-4654-967c-c0938e1efb59.jpg,b33e6f60-05e7-463c-b40b-d8fd0d73c09d.jpg,NULL,NULL,NULL,b14cb5c7-3016-430c-988a-9a84b6241ce6.jpg,30418b94-25cb-40de-b4ca-b256c429bd65.jpg,477f473f-eefe-4189-95b5-27f0f400631d.jpg,14e1fba6-11b1-49ba-bbdd-43da6c5fe9cb.png,59bdd380-98c9-41e3-8f70-69fed3ba429c.jpeg,NULL,NULL
43,119122925c3c11e99f0554ab3a1e6574,5,9e204048-83a5-4f85-b1da-fa559f02605c.jpg,355a54a5-fd26-48b4-915b-a57a8bffddd3.jpg,e4ec76ec-df22-42e5-9a0c-468eaf93cac3.jpg,NULL,NULL,NULL,876a1436-c26f-494d-88f3-f679cd9cf29a.jpg,5e52ad48-982b-4c40-b14e-69ab4995043e.jpg,c847e30a-5895-4ab5-bb0d-b9ca3955faf9.jpg,8d9ce853-217b-4d4e-82d9-38b8df0acaa3.png,29ec4638-a111-4cb7-acf5-3703cacd2c6a.jpeg,NULL,NULL
44,11912b015c3c11e99f0554ab3a1e6574,5,e309d773-f67e-4bc5-9a58-f8a32e899a43.png,dbd3c14d-258d-4f2f-b582-c24f3d177384.png,d26b5c6d-51bf-490b-8c54-72916e9f64f9.jpg,NULL,NULL,NULL,dd3e23df-ec5f-4ab5-bb86-273b34b23198.jpg,412ae284-0d5d-4986-86b5-5d6a854b6a39.jpg,ddb56325-4280-4722-ad1f-a36e980a0058.jpg,00505217-a36e-48ff-ab66-cb1e301f3fad.png,2417cc8a-2c56-4efd-82f5-750459c21d22.jpeg,NULL,NULL
45,11912de35c3c11e99f0554ab3a1e6574,5,553dc227-56f5-40b7-9108-c08e94f5538e.jpg,897d7a8f-6267-4477-bcc9-31e44f13f12e.jpg,6018626f-101e-4140-8926-10d86efcd227.jpg,NULL,NULL,NULL,6c1b4941-8641-42cc-972a-ddda9d57e7ff.jpg,0b7546d0-8289-47b4-9b9d-6d05693ba372.jpg,2658d413-3d66-4a73-b57b-681d9fd585bc.jpg,c9c65a7b-adf0-461e-aadc-8f2d25fc944b.png,e5b6893d-79d7-4015-ac50-5218f015c249.jpeg,NULL,NULL
46,119130565c3c11e99f0554ab3a1e6574,5,c067f7b8-1f85-4ba6-b009-09da670d66bd.jpg,951508db-2adf-48e5-bf78-176926c67fd7.jpg,c152e5c1-6c56-4c5b-b03b-fa71efed2a21.jpg,NULL,NULL,NULL,72735ac1-9c68-4447-a882-fea3d4caf134.jpg,7583e693-883b-4d85-baa1-791af9e18aaf.jpg,62e18326-2de6-433b-858d-48e328ed4410.jpg,6eeefbc7-0a71-43cf-8a04-f57b819f32e4.jpg,b798073b-0505-4c21-996e-0063c4e5bdcf.jpeg,NULL,NULL
47,119132ec5c3c11e99f0554ab3a1e6574,5,4b6ad0e9-cc67-4c46-be03-00729957cdd7.jpg,9811306f-a5b8-45f8-b19d-51131348ffe6.jpg,9ca47cb8-1615-4ea4-aad9-de5818420c49.jpg,NULL,NULL,NULL,dd9dcb48-6bde-45ad-bf3f-2f6fea57e4eb.jpg,349604c2-e554-444b-91f8-2223e11fa1dc.jpg,9f9cce76-bb96-4ac8-aaee-f929eef07143.jpg,fcd823e3-2916-4881-8d77-f0ea77852657.png,e1e95353-daa3-4537-87de-b18e6bba6f69.jpeg,NULL,NULL
48,119135ca5c3c11e99f0554ab3a1e6574,6,319e0613-16d4-48dd-93f4-680e0d1f56c8.png,0078fc9a-4b41-4175-b447-909c5105f169.jpg,NULL,NULL,NULL,NULL,NULL,NULL,NULL,NULL,NULL,b8f2f4cc-d197-44ee-93f3-a51736086336.jpg,NULL
49,119137bd5c3c11e99f0554ab3a1e6574,6,2b037a09-efbd-452a-9161-c78962831a5a.jpg,9158ef92-b7da-411c-97c8-008abbacd626.jpg,NULL,NULL,NULL,1a5a30cd-39ac-461c-be3f-1ba29d8e3b66.jpg,NULL,NULL,NULL,NULL,6a2438b6-4916-4b96-9474-603cd86b0748.jpg,NULL,NULL
50,119139d25c3c11e99f0554ab3a1e6574,6,dd692bac-3035-4e40-9cb6-781a5e8d74c2.png,0a769aff-66a7-47c4-8be0-577f9aea5964.jpg,NULL,NULL,NULL,NULL,NULL,NULL,NULL,NULL,3a12cfec-edd2-40e1-8c41-567fda32da17.jpg,21f44783-32cf-44c4-a3bc-3a19a3b529ed.jpg,NULL
51,11913b0a5c3c11e99f0554ab3a1e6574,7,NULL,NULL,NULL,NULL,NULL,NULL,NULL,NULL,NULL,NULL,NULL,NULL,NULL
52,NULL,7,NULL,NULL,NULL,NULL,NULL,NULL,NULL,NULL,NULL,NULL,NULL,NULL,NULL
53,NULL,7,NULL,NULL,NULL,NULL,NULL,NULL,NULL,NULL,NULL,NULL,NULL,NULL,NULL
54,NULL,7,NULL,NULL,NULL,NULL,NULL,NULL,NULL,NULL,NULL,NULL,NULL,NULL,NULL
55,119146635c3c11e99f0554ab3a1e6574,8,e9e33d2f-bd55-4571-b272-e3d2e4ecbaa0.jpg,81fbe581-fa45-4023-aa33-e57f66043583.jpg,NULL,NULL,NULL,NULL,NULL,NULL,NULL,NULL,NULL,58482946-6479-4626-ae15-385191196be4.png,NULL
56,119148f05c3c11e99f0554ab3a1e6574,8,d889991f-a9cb-42a6-9299-39dd892acd8a.png,c9849c79-bdcd-4b29-ad4d-12f98b01ac00.png,NULL,NULL,NULL,565ca8c2-f5c1-4d1e-b192-2f6a17ccb240.png,NULL,NULL,NULL,NULL,32d89ec2-7c76-4211-8303-14a78bf37e3c.png,NULL,NULL
57,11914a305c3c11e99f0554ab3a1e6574,8,abd8c32c-e839-46eb-ac0a-627c03a27346.jpg,294a220c-4242-43ef-b0a7-d83345e9c22b.jpg,af51c4a6-086a-4222-9139-325cfa338c65.png,02411a03-b5b8-446b-8386-2fa9d21f34d3.png,2efe350c-7781-4abb-9f64-6e6dc7274394.png,NULL,5d2f6dd8-197e-4dce-84e2-562cc3578e04.jpg,5c70d0b1-8f0b-440c-bfa4-544430fba8d0.png,b06f0bdd-c1da-43b6-9586-d692ea90e4c8.jpg,2d1b6c82-02bc-4f08-a8a4-8608f67c40c0.jpg,NULL,NULL,NULL
58,11914b855c3c11e99f0554ab3a1e6574,8,a0ba8668-017b-45d5-9c63-ea2f5c33aba5.jpg,335f9622-ddf6-4522-8199-ab1bbff09f45.jpg,c0b43a2d-a932-4783-8a6b-bfc5779abc41.jpg,NULL,NULL,NULL,a34044ce-cba2-4a26-b8a0-f15d491e9d4c.jpg,6cd4946b-8b32-40e5-b1b2-c895d4377603.jpg,f7dbec87-d5ec-4301-a0a7-bfa84bc2247a.jpg,14ed09de-c5dc-482a-aa92-8ebe08126517.png,8e2181bf-8011-472e-8a03-4b62897db6c4.jpeg,NULL,NULL
60,11914df95c3c11e99f0554ab3a1e6574,9,dadf2f48-df53-4029-bbea-02cfc72cbf17.jpg,f4a29355-d971-442a-a472-3b1cbaa8399e.jpg,NULL,NULL,NULL,2cbabb3f-cd01-4caa-b6d7-02b9bba1ad86.png,NULL,NULL,NULL,NULL,1544b011-4b9a-49bf-a4c4-d9d94e26583d.png,NULL,NULL
61,11914f345c3c11e99f0554ab3a1e6574,9,2f3cac37-c66e-4966-8b86-4dbb6b7590be.jpg,b41662dd-a86b-46ba-b12d-6429955b0cbb.jpg,6b11d005-1007-4f1b-a467-75986c43a56b.jpg,7bb17a23-ccd3-4cf3-b196-71e1e5fbc063.jpg,db8f5da0-8bc6-4ed3-92fa-28dc3c4fffc9.jpg,NULL,b44410f8-1afd-476a-a265-84fa14144084.jpg,ba0b1757-3e73-469d-9e5e-4679e78a2424.jpg,c76c94fb-3c1c-4b3f-9416-99513941dcc2.jpg,24e3648e-095e-41da-b58f-96c7d22a3bc3.png,NULL,NULL,NULL
62,11914cbd5c3c11e99f0554ab3a1e6574,9,74090b33-67af-4723-be41-acbd52bebf36.jpg,80aeceb6-9e44-4b11-bf6a-90301b44e409.jpg,a1242684-c377-4f08-87e1-67d77b501c50.jpg,NULL,NULL,NULL,NULL,NULL,NULL,NULL,NULL,NULL,NULL
63,1191528a5c3c11e99f0554ab3a1e6574,8,d006faf7-184d-4906-8ec8-7817fcbb682a.jpg,a841b4a2-b0e1-4a79-b03a-7a428678ff57.jpg,e8832558-e232-40dc-b173-cafd35fa7a0e.jpg,NULL,NULL,NULL,7c514552-a502-4fef-9739-4dcfcb867a4b.jpg,253b0f84-6e64-4b1c-aa22-82dc5ac6194e.jpg,fa3feac9-a8bf-4ba6-863a-281f738d4044.jpg,31a955c5-c956-43cc-9da4-2d7b7efdbbce.png,ecd3b243-14ee-4953-88c9-1a95d411818c.jpeg,NULL,NULL
64,119158565c3c11e99f0554ab3a1e6574,8,2bbae913-dad6-4af2-bcec-fdc82c6571d6.jpg,ab9f4bfc-ae6f-4595-948b-6692c8c14008.jpg,8239dd43-d7f7-4434-951a-79f363f7d12b.jpg,NULL,NULL,NULL,1f16a005-a872-40e2-9905-e05829eaee70.jpg,3b4b8949-6348-4e4b-8972-cc5a351bee54.jpg,042c1691-5b8d-40df-b26a-d64f3161b4a1.jpg,1c9fbab4-6943-4ff9-9bf7-a6dc30768f2c.png,a87d1814-307a-4546-8a04-75f5fa3fd8bc.jpeg,NULL,NULL
65,11915af95c3c11e99f0554ab3a1e6574,8,0261b645-399d-459b-97de-8ae1ce2cb22c.jpg,46ab8d53-466b-473a-a8ea-63fb496df9f5.jpg,cf3ba839-7385-4cb1-b32f-e82537d813b2.jpg,NULL,NULL,NULL,222a5c3d-2725-4830-9505-8f6207eb3a39.jpg,eaa40ffe-f2e9-45c6-8b75-4e5677254cea.jpg,2bd0c21b-1022-4b26-a790-db00c7726a1d.jpg,54116a03-a895-479f-a068-b7594ff140b4.png,f09cae79-57ae-4560-aa75-63c43b9b26ba.jpeg,NULL,NULL
66,11915c9b5c3c11e99f0554ab3a1e6574,8,05704e03-1df6-478d-8049-49968d38e9b6.jpg,afebdfe3-734a-484d-92c5-9086962e2dce.jpg,c5832530-b7e9-4678-82e5-e722e87cc475.jpg,NULL,NULL,NULL,d91a9cce-cd34-403e-9406-7f5473b71219.jpg,fb780b52-9886-4361-9254-93b8a1a674e9.jpg,38965cff-efb9-453c-a105-30fc562a1761.jpg,933b0362-427a-4452-8850-ab6efe2465ae.png,8545e5d4-1a12-48cb-94e7-2e69d262c175.jpeg,NULL,NULL
67,11915e015c3c11e99f0554ab3a1e6574,8,8603a2ec-14cc-4dd8-ba1c-a1d28acc2a5e.png,1996e68c-74f7-4fa4-836c-471d21570537.png,c93437f4-ead6-405a-a1b1-0c436667ee21.jpg,NULL,NULL,NULL,df19eb65-c84d-4386-ba35-6205b74eeff9.png,53fe38d8-f05b-4390-b0c7-183d10df1847.png,266adf00-4917-480b-98b3-b7c4f86705f1.png,222714a7-95e9-4aca-aabc-668bc88556a2.png,aa31bece-415e-471c-9f3f-3c560dfe0767.jpeg,NULL,NULL
68,119160ec5c3c11e99f0554ab3a1e6574,8,ab14bbdf-d5c0-4a5d-b28d-723b50d1a5eb.jpg,78e8ccfc-b524-452b-ac72-b7639bd11c16.jpg,89b2bc93-fce3-47aa-bdae-0ff60a7cd601.jpg,NULL,NULL,NULL,b604d95d-830a-4161-bff4-8a8bb1bb397f.jpg,86d4283c-a7dc-4001-b9a9-4db4f77d26b7.jpg,c0f9ea17-2032-4983-a72e-0b2d3f154d8f.jpg,274f056f-a6fe-4ed9-984f-87e6642b065c.png,6b90da9a-65a5-49e6-896b-b1d2ad5c6987.jpeg,NULL,NULL
69,119163855c3c11e99f0554ab3a1e6574,8,5f3382d2-45d2-4628-899f-4ab9850b9e7b.jpg,9bc7944d-a366-4e78-a394-c718aba684fb.jpg,7a23aa46-cf3d-40bc-8917-c03232af4232.jpg,NULL,NULL,NULL,dda0a1d4-587a-42db-9d99-380ffd8631cb.jpg,79dcb6e2-ecea-408d-be9d-86df1a9392d7.jpg,5776779a-5d92-49cb-98c0-a109da22dac2.jpg,f214635b-959e-4f13-8085-885bb9676818.png,7dba9863-7183-4c37-80f8-990a41b45367.jpeg,NULL,NULL
70,1191669b5c3c11e99f0554ab3a1e6574,8,c5654d73-775e-4475-b35e-a66524e16c84.jpg,d899f5ad-88dd-47e8-8ad0-efe59eed1e89.jpg,f5b15ff6-9de2-44f5-b229-989b61167125.jpg,NULL,NULL,NULL,bf552e33-5a48-4f56-818f-74b63b0920b6.jpg,b4c47a6a-58d7-4887-a1a8-ca8c248decba.jpg,24ee5319-2746-4860-91aa-95cd52ba585d.jpg,f7c6e161-a83b-46cf-9ded-0e3e2f209e71.png,b50abecf-618f-4f61-ba8c-3905ccc4b3a1.jpeg,NULL,NULL
71,119167db5c3c11e99f0554ab3a1e6574,8,a5f857ac-5364-49e0-ae96-89d80237f958.jpg,1bd59ded-4faa-4ccb-b9d2-113de0c84ade.jpg,8e6a6507-e075-4cd4-b103-e18ecb77d364.jpg,NULL,NULL,NULL,b1ba74e2-a6fb-493a-98d7-edf7e4311a42.jpg,06bed35e-5115-490d-9412-fe83120f4e68.jpg,e4ec624c-f1f3-4fa0-8d7c-a7044cb15908.jpg,ea65ef5f-3cf0-4571-b655-f3842679f493.png,cc35e3ff-ed11-4258-a256-a7e3d169d4c7.jpeg,NULL,NULL
72,1191691b5c3c11e99f0554ab3a1e6574,8,b2e8d640-ae50-475b-a8d4-4f84af3565db.jpg,11587146-e81c-4569-b4c0-fe303d94e8f7.jpg,6b5bbc87-c828-4687-ac28-b2457c9e1cff.jpg,NULL,NULL,NULL,ffeacf4a-e13d-4a8a-a5e9-0bb9622d5440.jpg,64916aee-73f6-4e5f-acd8-d3fba23c364b.jpg,2dbd415c-2563-492c-96e7-3928f9bc8681.jpg,d5a48615-9162-4f20-84f0-c84f535dc50c.png,16200474-ac76-40c5-977a-bac597d0d70c.jpeg,NULL,NULL
73,11916a635c3c11e99f0554ab3a1e6574,8,62ef9700-7a92-4b8e-80fe-e01220b18d5b.jpg,6b640a20-292a-4c3d-8099-746b24698290.jpg,888de681-1eb2-4ae1-b44e-262d9c92b1fc.jpg,NULL,NULL,NULL,d9511ac3-fca5-409e-bec8-06060544a7a5.jpg,e59fdb79-bc06-4362-9b1e-8f6bb41c6391.jpg,5e61d39f-b41a-4283-9e87-51850cad5f1a.jpg,de19ce26-d8a6-4e6c-b41c-473cbe648f15.png,52ec0e12-6640-419e-8a11-2030c3bed1d2.jpeg,NULL,NULL
74,11916b9b5c3c11e99f0554ab3a1e6574,8,edb70761-18ca-4758-9301-1fd0622ea453.jpg,85abedfd-87b5-47fc-9713-d1321490f012.jpg,97245fb9-8db7-4dfb-8ce8-9b9f3d016e7b.jpg,NULL,NULL,NULL,0162a82f-e916-46df-ade5-266b81d8028b.jpg,cf81f3da-dafd-47e2-a72e-d2838b43ffad.jpg,482de8b7-cad5-4c08-801f-983ccd10c71e.jpg,6c024df1-bdb7-4ff1-bcc4-631e18f0409f.png,43586e00-eec0-4406-abed-5e753c373509.jpeg,NULL,NULL
75,11916ce75c3c11e99f0554ab3a1e6574,8,11a41b3c-d094-4d2b-8105-dac1cba5e984.jpg,0803dd90-9cdd-40d6-8092-ed06175401e3.jpg,aa425842-404c-4b68-b70d-ce3005ecefb4.jpg,NULL,NULL,NULL,039fe9bb-2cbb-49fb-a0fc-12c39f7099f8.jpg,5e0d2cec-d1e2-42e3-a5ad-c2116126372d.jpg,5e999156-4e74-4efa-954a-a4c20a375caf.jpg,f37d1474-8048-42d9-8004-ae044176f19d.png,45529eed-b4b1-4520-8788-2519ec7d726f.jpeg,NULL,NULL
76,11916e525c3c11e99f0554ab3a1e6574,8,7f1458af-f7c0-49c5-a61a-eaed95750515.jpg,fed2fe53-cf7f-4151-9fad-dd34de35c78f.jpg,f5a09458-2b81-4c4b-82aa-69c192e80282.jpg,NULL,NULL,NULL,90d058f1-cd13-4bf8-a0b6-1c933a001400.jpg,369a32ae-3325-4a4f-89fe-9f6030935238.jpg,108d7e5d-0e3b-4ccf-8247-967232b669ac.jpg,ae688722-fc66-4f6a-aaa6-8bf5af3d3566.png,49017b01-e99f-4b17-aa47-2451aa92edb5.jpeg,NULL,NULL
77,11916f5b5c3c11e99f0554ab3a1e6574,8,f0b040ca-a651-4b9b-82b6-5f5c3d5a90f4.jpg,9ca7ab30-d9ea-4d49-b8c8-fbfee411765a.jpg,c27e3af8-ae32-4860-ab87-158110a7ca1e.jpg,NULL,NULL,NULL,94216dfe-4b2a-4170-9cb2-4266231ed47a.jpg,3a214726-6df5-492a-b398-029b9399b6f1.jpg,e76bb614-1796-4e0c-9a64-b15ae8a62b77.jpg,8a23a6c9-59fc-470a-adeb-e4a65aeb5d91.png,4a4d7426-d9b5-4aa1-ac88-50caf8bcdf98.jpeg,NULL,NULL
78,1191709f5c3c11e99f0554ab3a1e6574,8,2a7b8347-d9ac-43da-8639-f56f49b23c09.jpg,af790453-9be5-434e-b63a-01b814107dde.jpg,91b54d8c-541b-4f52-a7a2-20030a3a7bb8.jpg,NULL,NULL,NULL,01b87dec-1f0e-44b1-be7a-70b4dac8dde0.jpg,436843aa-bffa-4c01-bfee-7cfa365e8c5f.jpg,310e74d6-d362-4b17-9667-3e4e7ab43679.jpg,7acbc8af-e092-4108-8f04-b042be4b4ec8.png,8497b04c-6d59-44ce-821c-7f3920211a7d.jpeg,NULL,NULL
79,1191720a5c3c11e99f0554ab3a1e6574,8,379d2294-3432-4d5d-83a4-d5917d007287.jpg,16ae3475-a898-4e93-9ce7-360b122b6c79.jpg,7106072b-6941-4921-bf03-9b9e55e6ac52.jpg,NULL,NULL,NULL,ae375440-b20d-4981-b760-071eb1795dea.jpg,852fa822-3a45-4de1-a322-a536718d5a3c.jpg,3045570e-8f0a-4ef8-94b1-3c3ba31519fd.jpg,e5b31daa-c32a-4168-875d-640c418aa32e.png,7c8ab669-ee54-4614-82ac-99092727da0b.jpeg,NULL,NULL
80,119173415c3c11e99f0554ab3a1e6574,8,ca3a4842-fd6e-4e81-806a-8b709b1b56c2.jpg,17ee899a-f119-4083-8437-da2122a323f1.jpg,7d75df22-415e-4b09-ac05-575ab3f06da7.jpg,NULL,NULL,NULL,ea873cbd-60f0-4403-aaca-774f6d7590cf.jpg,eefef7f8-8d8c-4fc0-bb50-061b3e4473ab.jpg,e46beea1-ed32-43ba-a744-c814807427b2.jpg,8769953a-21c2-48a1-8af9-1dedcbddd1ef.png,c2e9658f-bcd8-4e2d-aaad-386f57c6aec2.jpeg,NULL,NULL
81,1191748a5c3c11e99f0554ab3a1e6574,8,a61abaa8-5268-43c2-84d4-e8b0ce6f3cd4.jpg,5131b65b-97ad-4060-8935-dbf5b96c0239.jpg,4b011176-9a95-4511-a33f-6d04e5855d9a.jpg,NULL,NULL,NULL,911eeb6a-5546-422d-8e25-6ae8dca5d088.jpg,fc2cc762-a8f4-4d34-9fe3-df436842b3aa.jpg,551aad14-1cb2-4756-a9c7-813fc48a3803.jpg,f5930412-f454-4db0-8743-fe7719a8a420.png,19e247fd-72bf-42b7-9de5-30512146cbdb.jpeg,NULL,NULL
82,119175c15c3c11e99f0554ab3a1e6574,8,70ade2d5-55d4-4b32-8b21-34e5861d1775.jpg,550e6fef-2016-4f8b-a748-2c335a488cd1.jpg,837be0d4-0d23-4833-81e9-98c8d52e2159.jpg,NULL,NULL,NULL,523c6b72-a1ac-4473-b97d-262ea0ace85d.jpg,467801bb-97a0-4ef8-ab2a-057633c0b0ff.jpg,c543b5c6-8014-4657-b7fc-ebde30852abf.jpg,7b28ce73-0781-43dd-8840-4251803fc4ea.png,ffa5b7be-604f-4175-a13a-5cd1b83bd1d0.jpeg,NULL,NULL
83,1191774a5c3c11e99f0554ab3a1e6574,8,e176c902-a100-4c7b-ad86-0a52b032bafb.jpg,61eff5c7-ba85-48d1-b0aa-7fc0929c7a65.jpg,NULL,NULL,NULL,NULL,NULL,NULL,NULL,NULL,9bda663d-2382-47a6-98ea-4d092a4cebb2.png,NULL,NULL
84,1191787d5c3c11e99f0554ab3a1e6574,8,de507512-2a57-41b3-8388-8ec7aa734242.png,717cdb1d-88ba-46c7-a17d-1f19888ff989.png,NULL,NULL,NULL,NULL,NULL,NULL,NULL,NULL,45cb7901-6ac1-4613-b310-11737c36b37f.png,NULL,NULL
85,11917cb95c3c11e99f0554ab3a1e6574,8,b6e322dd-890c-4171-8931-76ea79cc9f4a.png,87cca607-f88b-451f-a8f9-81f4d6b9efe9.png,NULL,NULL,NULL,NULL,NULL,NULL,NULL,NULL,b3809dd5-8164-4f6c-b62b-1699469e74e2.png,NULL,NULL
86,11917ef45c3c11e99f0554ab3a1e6574,8,17f3a680-c840-4d8c-90dd-e0aabeb6a53e.png,a2c91e73-128d-48d2-b9d2-26c9145c220e.png,NULL,NULL,NULL,NULL,NULL,NULL,NULL,NULL,1fb313aa-665f-4254-abb8-e5c0d9ddb118.png,NULL,NULL
87,119181e35c3c11e99f0554ab3a1e6574,8,b36c5353-1b73-4d51-a23f-f391f09aa0dd.jpg,efab99e5-eb0a-4ad7-8bfb-f2fee8591410.jpg,NULL,NULL,NULL,NULL,NULL,NULL,NULL,NULL,2c4563ee-349f-44ce-9404-9adac4d00ff9.png,NULL,NULL
88,119183a35c3c11e99f0554ab3a1e6574,8,ad41c5eb-a9b0-40b3-8164-efd3e4d04528.png,96dbc59b-7b62-43e3-abaa-fd0af93d80a9.png,NULL,NULL,NULL,NULL,NULL,NULL,NULL,NULL,d6d98f39-56d4-433b-874e-d3a3fea78d08.png,NULL,NULL
89,119185bd5c3c11e99f0554ab3a1e6574,8,16c16fac-943f-448b-9f72-1dc6350002e6.png,7043e051-56f9-4f2c-8b4e-705ad2138f5f.png,NULL,NULL,NULL,NULL,NULL,NULL,NULL,NULL,3e3c3819-8097-414a-9a0d-0954928c88c1.png,NULL,NULL
90,119199385c3c11e99f0554ab3a1e6574,8,8493683a-bfa6-41e5-bf5c-d9eaeb36b75c.png,e663c95f-2c9e-45d0-a666-a0906fdb2f7e.png,NULL,NULL,NULL,NULL,NULL,NULL,NULL,NULL,29969235-8e2e-4720-8f72-255f6f820b6f.png,NULL,NULL
91,11919adf5c3c11e99f0554ab3a1e6574,8,d75bf7f2-f011-44db-933c-009d539f937d.png,01cfb9bf-c8b2-4ad2-9d15-246bf75880e4.png,NULL,NULL,NULL,NULL,NULL,NULL,NULL,NULL,19d13086-aa98-4ec7-a7fc-f4a090bf63e0.png,NULL,NULL
92,11919d705c3c11e99f0554ab3a1e6574,8,e4866c5b-8211-407a-ba6d-398279398d15.png,d4ae09e7-67ed-4433-9590-92aa03b0851c.png,NULL,NULL,NULL,NULL,NULL,NULL,NULL,NULL,20999b53-772a-4e60-802d-039790565d30.png,NULL,NULL
93,1191a1785c3c11e99f0554ab3a1e6574,8,7ac3c5fa-e7cd-43dc-91b2-90f18116cb64.png,35239724-7a28-47fa-8876-fcf3c88faf58.png,NULL,NULL,NULL,NULL,NULL,NULL,NULL,NULL,d649a158-7d01-4607-bc4f-a219d262ed9b.png,NULL,NULL
94,1191a5855c3c11e99f0554ab3a1e6574,8,783a8b43-b7fb-4b0a-995d-b9b378f1bda5.png,b3794ef5-59f1-4a07-991b-cc6a029231cb.png,NULL,NULL,NULL,NULL,NULL,NULL,NULL,NULL,8bdefa88-e47f-4a38-9d49-10ec7bd7cd6f.png,NULL,NULL
95,1191a9db5c3c11e99f0554ab3a1e6574,8,c176c477-3152-4078-bcfa-846185d131b0.png,22ee8d0c-1022-4060-a892-574a5768a136.png,NULL,NULL,NULL,NULL,NULL,NULL,NULL,NULL,81f3d0d1-fadf-4f9c-9c49-ba69cee2292f.png,NULL,NULL
96,1191ac415c3c11e99f0554ab3a1e6574,8,864c1257-bcfd-46f8-ae0d-7476d2a26fc9.png,10eef717-3459-469d-9b32-d378a557ff5b.png,NULL,NULL,NULL,NULL,NULL,NULL,NULL,NULL,b0d87df1-e3f3-4184-be4a-90f9da939806.png,NULL,NULL
99,1191af4a5c3c11e99f0554ab3a1e6574,8,3619db57-69a0-4523-9e16-0daac7264d39.png,735c370a-52f5-44e4-b2ad-a97c45516222.png,NULL,NULL,NULL,NULL,NULL,NULL,NULL,NULL,1d2f5607-b03a-46ae-8142-a3cec97a58c4.png,NULL,NULL
100,1191b20a5c3c11e99f0554ab3a1e6574,8,0a0888b6-9be1-4de4-8cf7-8131094ed02c.png,fb3efce2-7c68-43fc-b1c7-95c97106a439.png,NULL,NULL,NULL,NULL,NULL,NULL,NULL,NULL,42937eca-4fd2-4518-96bc-ff34576b714d.png,NULL,NULL
101,1191b54e5c3c11e99f0554ab3a1e6574,8,e847aa25-c072-4102-8900-6d244fd45292.png,9d1ea490-035b-400c-a46d-e28b300755e7.png,NULL,NULL,NULL,NULL,NULL,NULL,NULL,NULL,8933c8be-2ae3-47ed-92cd-3ca2b314c7d0.png,NULL,NULL
102,1191b8235c3c11e99f0554ab3a1e6574,8,afb036d4-82f6-4629-8fb2-c5e054642777.png,c78fc38e-5b8d-454d-ae12-e77a47cfde33.png,NULL,NULL,NULL,NULL,NULL,NULL,NULL,NULL,e40f3520-02ec-49c5-bd75-54da62266601.png,NULL,NULL
103,1191ba2c5c3c11e99f0554ab3a1e6574,8,8cba35f5-44d7-4fff-bc07-32de0195576b.png,82af87ec-7d7b-4d10-a20b-15eb8eda3724.png,NULL,NULL,NULL,NULL,NULL,NULL,NULL,NULL,c347e460-3456-4ea0-8849-e8aa6ec89da2.png,NULL,NULL
104,1191bbdb5c3c11e99f0554ab3a1e6574,8,3d0f7165-02a8-4fb8-bfb2-321391111868.png,fa53ccdb-8db2-46fc-8949-7e5203b4ca7f.png,NULL,NULL,NULL,NULL,NULL,NULL,NULL,NULL,cd9d1192-7122-4438-90d9-61e46564c64e.jpeg,NULL,NULL
105,1191bd855c3c11e99f0554ab3a1e6574,9,b88c98bb-7d84-4c9f-b07a-a1f17110f7fe.jpg,53731961-50db-4ad4-af9f-6f3152d47ce9.jpg,8b5c4dde-c177-4c9d-9d0b-4f863d97bde2.jpg,NULL,NULL,NULL,ce6a2abb-331e-455c-aa46-5377431ab078.jpg,aff2ef99-093f-4fac-ae66-a8119f7e9327.jpg,1338b532-9134-4557-bde8-2cc42b7af8ec.jpg,NULL,b2c97d54-7eb3-443d-b787-547db0bb0eaf.jpeg,NULL,eee147ae-d699-4de9-9d98-2fd4786be1fc.jpg
106,1191bf235c3c11e99f0554ab3a1e6574,9,ac6bfb3d-324f-4f86-a042-9b76643dfea0.jpg,9b5b5862-e8ac-4c4e-874b-03a4da0c7f47.jpg,6902de85-c616-49e5-a28b-16399976521b.jpg,NULL,NULL,NULL,359f631c-3410-44af-8ca1-0e3793933ea8.jpg,48880513-7375-4acf-81c7-fee1d035a2f8.jpg,3052bfd0-03e1-4248-83ef-056c02f3dda3.jpg,NULL,6bdcbcef-c719-4536-995d-fa945c2eb22e.jpeg,NULL,21015a11-4e9b-41d1-82b0-dcaf67989fa7.jpg
107,1191c1055c3c11e99f0554ab3a1e6574,9,20f16ab4-4d37-401c-8357-4d67891222d9.jpg,ceacc449-0b1b-4cdd-900a-c1d6e60c7e11.jpg,02f57825-a4e2-4b69-b03e-89d9a9e788f7.jpg,NULL,NULL,NULL,NULL,3b7f9235-3147-46fc-b1a6-60ae5321040d.jpg,3bd6500f-461c-44d6-996c-1a6d6f209fa0.jpg,NULL,174ebb06-e046-462e-855b-e82d1b3c0ba8.jpeg,NULL,e818bda2-e6ca-448e-bedc-393038d754ad.jpg
108,1191c30a5c3c11e99f0554ab3a1e6574,9,22f41889-9035-4410-bc06-5c6577bc4e73.jpg,02e39e74-0396-48cc-ae0e-548ec306460e.jpg,85d83dbd-5bd6-483e-a3b2-c9b4eca37297.jpg,NULL,NULL,NULL,77f3228f-64bd-4dbe-86f1-5e24317027c0.jpg,be41b1b2-15d6-43fb-979e-cdcc29160fa2.jpg,3110753e-6ce2-435d-8511-5407fa9aed9f.jpg,af3e7d99-32b5-4687-a11a-7ebb44f80f8e.png,0d3bc979-0618-4e1f-9728-dd9adc8c95b3.jpeg,NULL,48ce9aa2-ce97-405b-b068-a716c82121f2.jpg
110,1191c6125c3c11e99f0554ab3a1e6574,5,24c5099a-7265-495b-8b10-d5d45fc464ef.jpg,ad4b4ff7-7959-44ea-9019-8dbce9289f33.jpg,83c858d2-730f-43bc-91e9-d29f8c53f153.jpg,NULL,NULL,NULL,e5c499f7-b545-4d1b-9e3b-6d7523c36c2c.jpg,132c01bb-536e-4e4a-b1cc-020edc8ba42b.jpg,f1d8874c-b8ae-470c-a126-143db62c943b.jpg,NULL,152b259e-59d3-4721-9dd7-e28c762b842a.jpeg,NULL,NULL
113,1191cbd25c3c11e99f0554ab3a1e6574,5,483fca3e-5a02-42b2-97b0-70092b15df77.jpg,7a338251-8723-41a4-947a-af65d98b5ea6.jpg,bf28028c-2952-49c7-a7d8-82d9e4b2e9bc.jpg,NULL,NULL,NULL,0dd33689-eef1-4f89-841b-9dd3d4ea360b.jpg,9d11e534-0ac4-49f3-a59c-73e475b0e6ad.jpg,e7703615-da2d-407b-bf84-92123bd4db20.jpg,NULL,442e909e-f8fa-42fc-91ac-d4378af86eb3.jpeg,NULL,NULL
114,1191cd165c3c11e99f0554ab3a1e6574,9,02187d67-bdb9-4d8c-b786-7f27cc4f563d.jpg,ce1c61c4-e508-4b4a-984a-099a45da10d2.jpg,8ecb03fb-5dad-4868-bbd0-47626ad35e96.jpg,NULL,NULL,NULL,19c101ac-d3a5-49d8-bfde-8479a163cb0b.jpg,5cf57f6d-54e0-4f37-bf4c-69b84220043e.jpg,259d6372-d5ee-4abe-8f33-e465db834e96.jpg,NULL,d543f31d-8022-452f-8a48-b352e88d6496.jpeg,NULL,b2f61cdc-c1bc-4f0d-bc4a-b89151f139ee.jpg
115,1191ce5b5c3c11e99f0554ab3a1e6574,9,3a201b24-cb3e-4fec-ba3c-7561cfcf9974.jpg,287b5fbe-3f6e-4c3c-a8cc-a2494c04e593.jpg,bd2f7045-12b5-48f2-af0e-d8f916ec1e95.jpg,NULL,NULL,NULL,NULL,ccdd2afd-97bf-45d1-86eb-91ad40b416d0.jpg,ab94b978-8629-418e-aeeb-156442040881.jpg,NULL,bb8fe6b1-6b2c-4a98-9e87-cc274d38e02e.jpeg,NULL,11880882-a8a9-475e-9e7e-78f3215d4b7a.jpg
116,1191cf925c3c11e99f0554ab3a1e6574,9,0d04935b-bf8f-4750-8c4a-9d7c3a573936.jpg,18714669-bd28-45ea-bca2-5f6287590d97.jpg,aed1a475-8688-43e7-8260-05c6b6799726.jpg,NULL,NULL,NULL,NULL,d4db33c2-1556-4e68-858e-c053b77baf09.jpg,08e278fa-e68c-4636-9af1-8d0ebcae55c4.jpg,NULL,288d6367-bdeb-41f0-863a-6142023ab18b.jpeg,NULL,f79342a2-abd0-4519-afdb-7b79532e6a18.jpg
117,1191d0df5c3c11e99f0554ab3a1e6574,9,eab0446c-9651-4ed5-960b-7fef107a4017.jpg,03d6f01c-450e-4c78-897e-490a16efaf50.jpg,64c4d1a0-5dc8-48e9-93dc-dd4ffd36605b.jpg,NULL,NULL,NULL,7effd46d-8ada-4a99-a59c-330d4c80ec2e.jpg,0a505192-d071-4f8b-8025-c9d2445d45bb.jpg,f5a5c17b-72f7-4af2-b26f-2c073fc2abeb.jpg,NULL,a63a3d47-9862-410d-b4a2-01addf78d9c4.jpeg,NULL,3d72d341-0e0a-4754-8ff7-6822350e03df.jpg
118,1191d21b5c3c11e99f0554ab3a1e6574,9,fa4d4926-6897-4957-b64b-7dd06f0626a4.jpg,eb2708cc-fcbb-4df5-bbc9-4aca81a92a21.jpg,dd8f53dd-755d-4cce-9670-eb6031356d05.jpg,NULL,NULL,NULL,e74d912c-14c1-40ef-98f8-142ef69c1f91.jpg,6f4a21a6-2903-4131-aa1c-bbc59f875590.jpg,d8af7938-80ef-435e-aab7-8cd09e5be603.jpg,NULL,81c4f8fb-7237-4815-8ce1-751394d918bc.jpeg,NULL,4341b83b-ae0c-4106-8dbc-a5d568c3f84c.jpg
119,1191d35b5c3c11e99f0554ab3a1e6574,9,ef1ac7d4-b639-4989-8068-49be657f81a5.jpg,3030930f-88d0-4f63-8b2a-01bcae3a5c9e.jpg,3c264619-e0a4-4c58-aeca-32f06955aa11.jpg,NULL,NULL,NULL,af5619c2-acd8-4ab8-b8fe-0c3c4c89eb3d.jpg,cf83fd60-3d30-4e8d-b579-87b53babea4f.jpg,edb7b6f2-37e5-4594-9944-1ac54f00aa53.jpg,NULL,2f2b12a0-ce91-4cc2-8c7b-4e2efc0b8ca8.jpeg,NULL,ee7f3657-7328-401b-a5d2-88edbb2855a6.jpg
120,1191d4ce5c3c11e99f0554ab3a1e6574,9,ddf97a26-ffe9-4cee-a82f-de07fe6961b0.jpg,9dcb0f30-18fb-4670-9aa4-094097706127.jpg,2fdd93ef-7817-49bb-9cdc-058f4b1eece0.jpg,NULL,NULL,NULL,b4f1e9a3-6463-4abd-8d2f-81bbed7e85e3.jpg,505c7601-45a3-4ca6-93dd-5d84309e2e75.jpg,e145bf75-4b89-4326-bb8d-ead2b80cf2a5.jpg,NULL,6c8c3562-56a2-40fb-9902-41d75be87118.jpeg,NULL,df1e9801-b85f-4f61-b2d0-7a2028a9b2ec.jpg
121,1191d60a5c3c11e99f0554ab3a1e6574,9,b3872c00-50d3-41e5-8e17-389f29870608.jpg,1c10b46d-fba8-4f58-9154-c54a3110bc2b.jpg,57513dbb-d5d5-497d-850f-75a2169aa2a8.jpg,NULL,NULL,NULL,4ca26f5d-182e-4552-87f3-5c201604ef03.jpg,0a7e2cb0-034b-47a1-a694-ac8059d3fb99.jpg,6dfa69ca-2250-4b17-aef3-40f935401f8d.jpg,NULL,19ebd356-76a3-4641-a1b2-64c7bd0fe305.jpeg,NULL,NULL
123,1191d7455c3c11e99f0554ab3a1e6574,10,cd520884-09dd-4fa7-861d-1764217fe29b.jpg,8dd02e03-c635-4f0a-a961-4d6047b6c57d.jpg,NULL,NULL,NULL,NULL,NULL,NULL,NULL,NULL,NULL,b10a84ea-9b47-4957-ade1-9d182dd4a9d9.jpg,NULL
124,1191d8ec5c3c11e99f0554ab3a1e6574,10,35776044-bf93-4f31-8289-742b295b3b12.jpg,97d9365e-3634-41ae-9e12-0520697309c0.jpg,NULL,NULL,NULL,fe11716a-6d45-46d0-a4ee-c418898d278e.jpg,NULL,NULL,NULL,NULL,c7bfbe23-5a9f-4e73-8579-1d4e292cdbf6.jpg,NULL,NULL
125,1191da305c3c11e99f0554ab3a1e6574,11,464a5722-a912-4303-bf8f-3e93ca28f7ea.jpg,55df4373-27a4-461f-ae66-5491b7ca2555.jpg,NULL,NULL,NULL,NULL,NULL,NULL,NULL,NULL,NULL,480b1591-bdfa-438a-9d6f-1fbe71be9e81.jpg,NULL
126,1191db8a5c3c11e99f0554ab3a1e6574,11,3d44fd05-a053-4508-8551-e2e3814ebb4f.jpg,ede31771-0638-46b9-8d56-28475d710831.jpg,NULL,NULL,NULL,f68ff687-1a92-4b5d-a175-c201d2e6872a.jpg,NULL,NULL,NULL,NULL,0ba5a3e0-0c22-4f53-b111-3d8a8287b092.jpg,NULL,NULL
128,1191dcf85c3c11e99f0554ab3a1e6574,10,74b4057e-6d21-449e-959c-6e9d462efd23.jpg,6196644a-1a72-4b3a-8dac-7e714bcd20bd.jpg,NULL,NULL,NULL,NULL,NULL,NULL,NULL,NULL,b14b831c-280e-4154-80d1-4c149ec02b42.jpg,c4386448-01d9-47cb-b8b7-646d94fbcfa3.jpg,NULL
129,1191de305c3c11e99f0554ab3a1e6574,11,4a55ad37-77fb-4e76-8716-824db16f0142.jpg,d863a552-2a16-4ca2-b9f9-8f862dd0bd40.jpg,NULL,NULL,NULL,NULL,NULL,NULL,NULL,NULL,15233e4a-86b4-49ff-a011-354dbd6f886c.jpg,6ead7fd1-3734-4ac6-ae24-869b6f7ae1dc.jpg,NULL
130,1191df705c3c11e99f0554ab3a1e6574,9,16a95038-6707-4b2a-a66d-0cd49c6f6dbb.jpg,333d6ddd-f8f1-4e19-b64d-4ba769f505bb.jpg,115ecfcd-bec7-4b6c-bdfa-e3d4e5e244ab.jpg,NULL,NULL,NULL,910e1e29-c587-443b-a0be-2ff9c19b5ae9.jpg,12400e31-bc92-427d-a370-cff72100e276.jpg,ee839073-135a-49e2-8126-07605245de10.jpg,fdd0f757-a1ad-47c0-a3b6-2d1fdcff81b1.png,edf22cde-f768-436b-922b-90d1393f1ff0.jpeg,NULL,f2b80b29-d37d-4068-bc68-e79e79cb19da.jpg
131,1191e0bd5c3c11e99f0554ab3a1e6574,5,5ed1fae8-e284-480b-b5cf-76c1d161b27e.jpg,9ad03b40-676f-4e40-b969-f10962b32be1.jpg,c7c29d18-811b-446e-aad7-0fcd80b5a543.jpg,NULL,NULL,NULL,fa93c048-e094-4f09-93c7-cea6321a1a4e.jpg,b8842cb4-a17d-42b4-88fd-8a94bcf4eb5d.jpg,2b4fe990-601f-4bb2-9776-25d1d9e20369.jpg,6aeeea59-c057-4d87-99f7-b28909110ed5.png,e51c3882-8621-4805-a935-e15d52e96213.jpeg,NULL,bde18eff-7db7-49c2-8c73-d506af16d4c4.jpg
132,1191e25f5c3c11e99f0554ab3a1e6574,12,253e2535-9f80-471a-beee-fa3f9b258c9f.jpg,37df5589-07ed-4f0d-b05e-6d5927c5273e.jpg,NULL,NULL,NULL,NULL,NULL,NULL,NULL,NULL,NULL,ccaf5655-591e-475b-ac49-aefd7dbbaf25.jpg,NULL
133,1191e3a75c3c11e99f0554ab3a1e6574,12,23926830-c0a5-4e4b-8757-f4786f9a5607.jpg,ee5ca40c-d68d-48e7-9342-03a29b2d858d.jpg,NULL,NULL,NULL,NULL,NULL,NULL,NULL,NULL,NULL,NULL,NULL
134,1191e69f5c3c11e99f0554ab3a1e6574,1,e27e4bd0-28eb-4d72-8b9c-4c9448efdd3b.jpg,ec36c987-ed91-471a-ab38-a7d4676a6529.jpg,NULL,NULL,NULL,NULL,NULL,NULL,NULL,NULL,NULL,NULL,NULL
135,1191e8565c3c11e99f0554ab3a1e6574,13,71fa3ffc-e957-4e6d-bbfb-9334ee5ae485.jpg,d156279a-080e-4def-90e7-a245af51ce51.jpg,NULL,NULL,NULL,NULL,NULL,NULL,NULL,NULL,NULL,b650bee3-f80b-457d-9f58-f6528d18d002.jpg,NULL
136,1191e9b45c3c11e99f0554ab3a1e6574,14,NULL,NULL,NULL,NULL,NULL,NULL,NULL,NULL,NULL,NULL,NULL,NULL,NULL
137,NULL,14,NULL,NULL,NULL,NULL,NULL,NULL,NULL,NULL,NULL,NULL,NULL,NULL,NULL
138,NULL,14,NULL,NULL,NULL,NULL,NULL,NULL,NULL,NULL,NULL,NULL,NULL,NULL,NULL
139,1191f22c5c3c11e99f0554ab3a1e6574,15,NULL,NULL,NULL,NULL,NULL,NULL,NULL,NULL,NULL,NULL,NULL,NULL,NULL
140,NULL,15,NULL,NULL,NULL,NULL,NULL,NULL,NULL,NULL,NULL,NULL,NULL,NULL,NULL
141,NULL,15,NULL,NULL,NULL,NULL,NULL,NULL,NULL,NULL,NULL,NULL,NULL,NULL,NULL
142,11929ee75c3c11e99f0554ab3a1e6574,13,7ae9762f-f002-40b3-b1a0-de8fe2b8ede1.jpg,750fb592-684e-41bb-9582-f972e5650da5.jpg,NULL,NULL,NULL,NULL,NULL,NULL,NULL,NULL,NULL,NULL,NULL
143,1192a0c95c3c11e99f0554ab3a1e6574,16,69cf75e7-1f72-4413-a96a-dd6ce2479d96.jpg,7839d0e9-ce40-46c4-b0a1-6685a9b9bcac.jpg,NULL,NULL,NULL,NULL,NULL,NULL,NULL,NULL,NULL,8d4a39e8-94fe-47d4-ba6d-da384e3ccce5.jpg,NULL
144,1192a1fd5c3c11e99f0554ab3a1e6574,16,12d200fc-4a1b-4a8d-8ea4-e6feefcf78a7.jpg,3e35cc3f-ccd7-4e39-816c-643a68846107.jpg,NULL,NULL,NULL,NULL,NULL,NULL,NULL,NULL,NULL,NULL,NULL
145,1192a2d25c3c11e99f0554ab3a1e6574,2,df9c24f1-80b4-4557-9013-3db40b4c3843.jpg,01b52505-c9f1-4fd0-b55a-60c5f217a45b.jpg,15c54fda-7e00-43e0-85a9-7e5b402d9091.jpg,NULL,NULL,NULL,0f34eaf2-1dfd-4547-ada2-1949584fb998.jpg,287b76c9-c94b-43d8-975a-bfabdac717a1.jpg,0292eb7e-a664-4fbf-af2e-e67ecc130da0.jpg,7e540b87-d565-4988-8e56-52a1ab203d6f.jpg,632f7839-9a64-4adf-a612-ed14ac2ba1e5.jpeg,NULL,NULL
146,1192a3895c3c11e99f0554ab3a1e6574,17,e0a9b71e-90fe-4251-bdef-04c3b751b8a9.png,febaf32e-7025-42e1-a0a8-7ba36da71745.jpg,NULL,NULL,NULL,NULL,NULL,NULL,NULL,NULL,NULL,7080e91d-a152-4880-8359-71d4011c2a88.png,NULL
147,1192a44e5c3c11e99f0554ab3a1e6574,17,ce3fb33c-7c39-434f-9e44-6fcd94f173ab.png,b48af447-ec46-4684-82fd-810ee00037ec.png,NULL,NULL,NULL,4e879f35-f563-4231-ba7e-3449c81b9ed4.png,NULL,NULL,NULL,NULL,509113a7-0c3f-44eb-8be5-4244005c54c6.png,NULL,NULL
148,1192a5a75c3c11e99f0554ab3a1e6574,17,5b3b2c77-2b26-4e85-84dd-53aded49dadb.jpg,eb74c3e2-930b-4b19-9def-3e8bfe148fbb.png,NULL,NULL,NULL,NULL,NULL,NULL,NULL,NULL,23829f4a-1574-4fed-92b1-1c6e79f9fbb3.png,abd084cc-8b9a-48a2-8eeb-91d94db903a0.jpg,NULL
149,1192a65f5c3c11e99f0554ab3a1e6574,18,a63e3914-7a73-4d97-bb89-021d432fc360.png,b608f9b5-3337-42f2-a97e-3ce2367a8c34.png,NULL,NULL,NULL,NULL,NULL,NULL,NULL,NULL,NULL,ce996eb2-dcf5-47ae-925a-02e8cdbd0b6b.png,NULL
150,1192a7f85c3c11e99f0554ab3a1e6574,18,d0195c06-c374-4907-a531-e089ccd38007.jpg,2565e404-3cdb-42f6-9042-82ead9ad9443.png,NULL,NULL,NULL,2501e07b-2a7c-415f-84ff-52f85962b2db.jpg,NULL,NULL,NULL,NULL,fb39bdc6-46db-405a-9afd-3c3ca629fe5b.jpeg,NULL,NULL
151,1192a8df5c3c11e99f0554ab3a1e6574,18,95f17733-d1bd-430a-9ee2-e7c7249c25f0.png,d2a388db-eeb1-4874-8f53-ec3ae24fe70a.png,8e1ad415-d767-4ae7-8a0b-6a007a4fd03e.png,ebb972d5-fe19-43bf-b7e2-180c98618af8.png,0a0ebc78-da98-4ab5-b885-0233830ad903.png,NULL,be1fbd8e-a9da-4b2b-b73b-8ac511e0b807.png,a8925337-0978-483c-9e65-fe3777f2c012.png,dc55d8f6-fe4b-4c6b-9c1c-7851ed265998.png,d196651c-d71f-4866-afc1-1160907f1bb8.png,1a93cfb3-2199-4974-9486-a3b76e363a1f.jpeg,NULL,NULL
152,1192aad65c3c11e99f0554ab3a1e6574,18,30d55cd9-e320-46ab-83d1-2e30630d7928.jpg,f6f4630b-f7e0-4477-b279-7d78fe2be59a.png,2ec57dd2-37fc-4224-b8e8-db6e288565dd.png,NULL,NULL,NULL,NULL,NULL,NULL,NULL,NULL,NULL,NULL
154,1192ac5f5c3c11e99f0554ab3a1e6574,18,46d3608f-3e16-45be-b556-0773e65b2f2a.png,4e42b267-be72-4af9-8189-3cf78cc8219b.png,f611e0db-807e-4607-90d8-c281c8f497be.png,NULL,NULL,NULL,7db372a9-34e9-41ac-bdcd-a2b953224a58.png,cece214c-f12a-489f-a79f-556aff71e183.png,95a2cb34-3395-4299-9260-1fddc97712f0.png,NULL,9e193e85-f840-4838-a240-5e0c1b45dfb7.jpeg,NULL,NULL
155,1192adb45c3c11e99f0554ab3a1e6574,18,acaceebf-52c7-47c3-8e03-1553817e9805.png,a1ed7b22-2291-4c50-8256-918cda16a9b8.png,beb79949-4bac-47e9-aff3-7aa3a76ca74d.png,NULL,NULL,NULL,1744afb1-0c7d-45c8-be17-53ddc2164d37.png,a3bc8848-69c7-4154-be1b-e1ec0ca38881.png,476c017f-af68-4cdc-ab64-18fc25bb964b.png,NULL,9645d776-7dcc-4509-bcc8-b4d445efdb29.jpeg,NULL,22c1593c-826e-45bb-a8bb-6e2aafe901fa.png
156,1192af015c3c11e99f0554ab3a1e6574,18,c93ff423-cfd0-4986-bec7-0b3b7d5f9a94.png,2e2f44f7-01d7-452e-92e6-b3bfd0b1faa9.png,05e32460-ce07-47b7-affc-29cb7cc615e5.png,NULL,NULL,NULL,c8a7f454-e6f7-444e-8e52-caa44ae06a64.png,9a78b467-83c1-42e0-a93a-dd299435966c.png,5169db22-528a-46c1-98af-b23836deea96.png,NULL,0660b798-2c99-482f-9cb2-b55541716236.jpeg,NULL,NULL
157,1192afce5c3c11e99f0554ab3a1e6574,19,8d82bf55-5182-4b26-bdf1-d16eef0fb284.png,6ddfb60a-bf90-400d-bcae-7a4cb28751d1.jpg,NULL,NULL,NULL,NULL,NULL,NULL,NULL,NULL,NULL,fc006b76-03b5-4f14-8f2a-da06aa2ec69c.png,NULL
158,1192b1ce5c3c11e99f0554ab3a1e6574,19,8f0301d2-0e18-4e34-a87e-a923d17c8683.png,59667cde-783c-4e8d-b56c-00b747bc2478.png,NULL,NULL,NULL,a50c9190-7810-40a1-825f-794d95837329.png,NULL,NULL,NULL,NULL,e4b2729e-597b-4b6b-9d23-2cc768c0f01c.png,NULL,NULL
159,1192b2b45c3c11e99f0554ab3a1e6574,19,3e277ddd-36e6-482e-b449-8b1ea25b9f5f.png,afeb7f90-dd44-4720-9122-cdbfc7a55044.png,beac8af0-01c7-4c37-999d-af58adae41f3.png,27eecd47-25db-418d-a41a-8b3895880917.png,fb8adcf8-9d29-4a5e-99fa-6707aac3967b.png,NULL,ee068e47-4420-48a5-9870-fc9c4c7c25bf.png,46004ac1-c068-494e-8014-81cba673e4a9.png,e1761d65-91f6-4f52-8cdb-c76190dd2f13.png,0ac03824-6501-4ebb-949d-81fda64ca8a9.png,NULL,NULL,NULL
160,1192b36c5c3c11e99f0554ab3a1e6574,20,a4dd9cbf-6227-42a7-8b3d-b59934b19d28.png,3fd1bfaa-c657-446e-b26c-45e3fc253712.png,NULL,NULL,NULL,NULL,NULL,NULL,NULL,NULL,NULL,6b043e71-4944-4488-a06d-890f4f428a30.png,NULL
161,1192b4235c3c11e99f0554ab3a1e6574,20,3e1f9a31-785e-4c80-bb26-13e3a951f6e8.png,448b86c7-8e2a-4a12-ab95-3fc3b8be9e2a.png,NULL,NULL,NULL,NULL,NULL,NULL,NULL,NULL,NULL,NULL,NULL
162,1192b4ce5c3c11e99f0554ab3a1e6574,21,0d542cc8-d2f5-4440-988b-a7d3a2667025.jpg,bd94e197-77df-4523-aec5-ebbfe7a6938c.jpg,NULL,NULL,NULL,NULL,NULL,NULL,NULL,NULL,NULL,76b73c01-25be-43a1-b4f9-22568591b6fc.jpg,NULL
163,1192b5815c3c11e99f0554ab3a1e6574,21,d98745bd-c7f7-4c4f-a6b3-78022d6a7783.png,5df87a29-13fe-4571-98c4-818390d3eb7e.png,NULL,NULL,NULL,NULL,NULL,NULL,NULL,NULL,NULL,NULL,NULL
164,1192b65b5c3c11e99f0554ab3a1e6574,22,df9d6eb1-105e-4cec-82b6-d5605cae9b90.png,4cde8093-a6ad-4c31-90e1-4dfc5e5adf00.jpg,NULL,NULL,NULL,NULL,NULL,NULL,NULL,NULL,NULL,4a3a63ca-0ff8-48d4-a6c4-22550b2cb037.jpg,NULL
165,1192b7b45c3c11e99f0554ab3a1e6574,22,1ddf9e4c-8dab-4952-9234-c87e7ccb1c7c.jpg,477bd1f2-c389-4137-9aec-a1c8e347d9c2.jpg,NULL,NULL,NULL,d22f3b35-883d-473e-9437-202debd3cc92.jpg,NULL,NULL,NULL,NULL,bd7316eb-9626-44de-8f48-03ff3cc576c2.jpg,NULL,NULL
166,1192b9095c3c11e99f0554ab3a1e6574,22,a6b08992-7d83-40b9-b3e0-9ecccc03fc3e.png,90b95654-d8c1-4f62-9413-0e5ee9699aa8.png,e8fe1cc7-6567-4f33-999d-80d18ac0ca65.png,e9096d47-b637-4a64-8cb6-cb24b35aa3bb.png,4d48d2e7-1f81-450a-8bd2-de8f22f6f166.png,NULL,102be1ba-8369-4639-815e-4fa9e6a6e8d4.png,b47815e7-d4cb-4a80-bed0-b18885827072.png,6fc26ad1-be74-4189-be95-501f051834d3.png,18a39dee-85bd-4f57-9b30-68dab3b52604.png,NULL,NULL,NULL
167,1192bc495c3c11e99f0554ab3a1e6574,22,e49646f3-daa2-44b5-bf25-f8156802880b.jpg,7ee88e89-b9bd-4396-b782-380dacb51261.jpg,d26b7924-abd1-4b9f-947f-cfa61fcad16e.png,NULL,NULL,NULL,a65f99cb-4d9d-4564-90f9-6bb39a4e6730.jpg,2a91fdf7-83f9-48e2-8b16-ec123e760aec.png,a52e05b9-5a22-430a-bebc-550c2a7cb466.jpg,b1ce9671-5bc4-41a1-919f-4a14153ced36.png,f588d6a8-59c5-4b4f-ae63-66b669a130c7.jpeg,NULL,NULL
168,1192bd0e5c3c11e99f0554ab3a1e6574,22,67dfe2da-aacb-4abd-99a5-b36405e26b30.jpg,5850c098-9b17-4b8c-8063-20e71a077928.jpg,NULL,NULL,NULL,NULL,NULL,NULL,NULL,NULL,f4bb57c6-e650-4e10-b4e2-e1ff264ca088.jpg,NULL,NULL
169,1192bdbd5c3c11e99f0554ab3a1e6574,23,9989398d-e732-4b96-98df-a9e6f79d7a43.jpg,f8527cd3-b0d7-46a9-b0f5-c85c7003df27.jpg,NULL,NULL,NULL,NULL,NULL,NULL,NULL,NULL,NULL,6abd7d3e-f456-4a69-a17a-d9d9bd2ab8ed.jpg,NULL
170,1192bfb45c3c11e99f0554ab3a1e6574,23,ea262618-7ee7-468c-8213-09e3f700d790.jpg,b4149d3b-8719-4d8c-a4f4-a264be62678d.jpg,NULL,NULL,NULL,e4920777-3332-4208-9cc9-6f2421cf08c7.jpg,NULL,NULL,NULL,NULL,42bb9803-da61-47f1-865a-ca9cd29c1675.jpg,NULL,NULL
171,1192c06c5c3c11e99f0554ab3a1e6574,23,d45246c2-764e-4724-a310-5530cc714211.jpg,939786cb-daca-4622-8b9b-800f90f7b381.jpg,NULL,NULL,NULL,NULL,NULL,NULL,NULL,NULL,6310781c-fb5f-4e25-9369-cd909e76ab56.jpg,2422174f-00e4-4ef8-84c9-e6f4a331b8a3.jpg,NULL
172,1192c11f5c3c11e99f0554ab3a1e6574,5,71417664-e679-4927-b332-18c192d7f112.png,1cc0cf66-9c02-4e45-8d4f-164a679f2098.png,1fdff9b2-c311-4a13-9a7e-bb47bfd70da3.jpg,NULL,NULL,NULL,0157861d-b0a6-42b6-89cc-22757c39762d.jpg,b285f9ca-1d58-4b1f-9d4b-68a59143d162.jpg,5297bbae-d560-4b9e-a37a-f69058f45657.jpg,NULL,63e0c6d1-420e-40df-85ea-71e0f70de181.jpeg,NULL,NULL
